Cenário,Tasks,Requests/Dia,Requests/Mês,ECS Fargate,Load Balancer,ECR Storage,CloudWatch,Data Transfer,Total Mensal,Total Anual,Custo por Request
Desenvolvimento,1,100,3100,$9.18,$22.15,$0.05,$0.16,$0.01,$31.55,$378.66,$0.010179
Staging,1,500,15500,$9.18,$22.15,$0.10,$0.82,$0.03,$32.28,$387.41,$0.002083
Produção Baixa,2,1000,31000,$18.37,$22.15,$0.10,$1.64,$0.06,$42.32,$507.80,$0.001365
Produção Média,2,5000,155000,$18.37,$25.43,$0.10,$8.21,$0.28,$52.39,$628.62,$0.000338
Produção Alta,4,20000,620000,$36.73,$53.10,$0.10,$32.86,$1.12,$123.91,$1486.92,$0.000200
